term,estimate,std.error,statistic,p.value,conf.low,conf.high
(Intercept),3.402927458941624,0.4916806999390034,6.921010849853944,3.488984022390134e-11,2.4347442406186017,4.371110677264646
FOF_status_fFOF,-0.15004492092070368,0.07399681121720676,-2.0277214443777702,0.04360853612302248,-0.29575426204148414,-0.004335579799923245
Composite_Z0,-0.08587402398804299,0.07041722210102946,-1.2195031474663576,0.2237584032829092,-0.22453468878045718,0.05278664080437119
Age,-0.03593714953904373,0.0055162608399693825,-6.514766176148261,3.7485467760377534e-10,-0.04679938426538823,-0.025074914812699224
Sex_fmale,-0.1115679147135133,0.11715131540053064,-0.9523402646574802,0.34180893292611503,-0.34225408480180886,0.1191182553747823
BMI,-0.01690966796903627,0.007275662876424664,-2.3241412165795476,0.020888956943586855,-0.031236394033337854,-0.0025829419047346865
