"FOF_status","Comp_Quartile","emmean","SE","df","lower.CL","upper.CL"
"0","Q1_Weakest",0.0913424736655089,0.141807161635365,257,-0.187909506261321,0.370594453592339
"1","Q1_Weakest",-0.00103968839428312,0.0923262163928391,257,-0.182851935600446,0.18077255881188
"0","Q2",0.120377886051484,0.130503648974897,257,-0.136614792905202,0.377370565008169
"1","Q2",-0.146444656734224,0.0957589873444443,257,-0.33501684521427,0.0421275317458218
"0","Q3_Q4_Strongest",0.0751597866713676,0.0979005951681542,257,-0.117629736237355,0.26794930958009
"1","Q3_Q4_Strongest",-0.0402391158555293,0.0741723426940359,257,-0.186302074272119,0.10582384256106
