"term","estimate","std.error","statistic","df","p.value","2.5 %","97.5 %","conf.low","conf.high"
"(Intercept)",3.20129410934467,0.502340790326007,6.37275365846183,263.767249803307,8.23894387877001e-10,2.2121858477062,4.19040237098314,2.2121858477062,4.19040237098314
"factor(FOF_status)1",0.0582025092622017,0.036821797304779,1.58065367587713,266.849174500407,0.115141790264545,-0.0142956950789831,0.130700713603386,-0.0142956950789831,0.130700713603386
"I(scale(Composite_Z0, center = TRUE, scale = FALSE))",-0.0615708737749575,0.0855691388577043,-0.719545324364497,266.958162365015,0.472434422153918,-0.230047097922107,0.106905350372192,-0.230047097922107,0.106905350372192
"Age",-0.0350496473890865,0.00552883206465469,-6.33943063909567,266.733189313967,9.79669793680444e-10,-0.045935351514453,-0.02416394326372,-0.045935351514453,-0.02416394326372
"factor(Sex)1",0.0579356811880633,0.0591816803199776,0.978946202183217,266.834049564099,0.328493275441498,-0.058586785804087,0.174458148180214,-0.058586785804087,0.174458148180214
"BMI",-0.0168644054789513,0.00738187921834945,-2.28456805917804,246.650949405468,0.0231881304700534,-0.0314039650131109,-0.00232484594479181,-0.0314039650131109,-0.00232484594479181
"factor(FOF_status)1:I(scale(Composite_Z0, center = TRUE, scale = FALSE))",0.0296681334807222,0.0804140862170853,0.368941996065594,266.939697549875,0.712463417413603,-0.128658408804001,0.187994675765445,-0.128658408804001,0.187994675765445
