"term","estimate","std.error","statistic","df","p.value","2.5 %","97.5 %","conf.low","conf.high"
"(Intercept)",3.31917162453678,0.494886601325673,6.70693370086314,262.337928670504,1.21587127714531e-10,2.34471617899355,4.29362707008,2.34471617899355,4.29362707008
"factor(FOF_status)1",-0.115998508642405,0.0736530776832832,-1.57493090976064,266.924313570259,0.11645685465321,-0.261013402519305,0.0290163852344956,-0.261013402519305,0.0290163852344956
"I(scale(Composite_Z0, center = TRUE, scale = FALSE))",-0.0315843888641413,0.146818269614726,-0.215125739780367,266.912591255304,0.829833568345756,-0.320653640491499,0.257484862763216,-0.320653640491499,0.257484862763216
"Age",-0.0350235449331418,0.0055304770396893,-6.33282530273543,266.413077396863,1.0184438734901e-09,-0.0459125474773384,-0.0241345423889451,-0.0459125474773384,-0.0241345423889451
"factor(Sex)1",-0.115835234075035,0.118353943120511,-0.97871884130712,266.854375751869,0.328605355998324,-0.348861545094558,0.117191076944487,-0.348861545094558,0.117191076944487
"BMI",-0.0170104236156643,0.00743861337975838,-2.28677345457317,245.091400990756,0.0230623833620417,-0.0316621880443258,-0.00235865918700272,-0.0316621880443258,-0.00235865918700272
"factor(FOF_status)1:I(scale(Composite_Z0, center = TRUE, scale = FALSE))",-0.0602778746278008,0.160826245717713,-0.374801229480928,266.949864730458,0.708105880588708,-0.376927110780428,0.256371361524827,-0.376927110780428,0.256371361524827
