"term","estimate","std.error","statistic","p.value","conf.low","conf.high"
"(Intercept)",3.25265250254066,0.506280150209928,6.42460997373086,6.30048196812672e-10,2.25570306887931,4.24960193620201
"FOF_status1",0.0745495790705661,0.0371121012903129,2.00876739604139,0.045599624732135,0.00146970748559773,0.147629450655534
"zComposite_Z0",-0.0367665679612824,0.0425561443183416,-0.863954396015058,0.388412336679782,-0.120566661564378,0.0470335256418131
"Age",-0.0356867951602175,0.00561381056573768,-6.35696462185986,9.23248479708169e-10,-0.046741317566189,-0.024632272754246
"Sex1",0.0547317763935198,0.0588280325255667,0.930368976214414,0.353046424333767,-0.0611103590041579,0.170573911791197
"BMI",-0.0169426194597493,0.0072899508483008,-2.32410613079764,0.0208938624745295,-0.031297739577769,-0.0025874993417297
"FOF_status1:zComposite_Z0",0.0101462867875946,0.0400347591645331,0.253436938283951,0.800131642730238,-0.0686887820163079,0.0889813555914971
