"term","estimate","std.error","statistic","p.value","conf.low","conf.high"
"(Intercept)",3.25265250254066,0.506280150209928,6.42460997373087,6.3004819681266e-10,2.25570306887932,4.24960193620201
"FOF_status1",0.0745495790705661,0.0371121012903129,2.00876739604139,0.0455996247321349,0.00146970748559776,0.147629450655534
"cComposite_Z0",-0.073711988113969,0.0853193044146329,-0.863954396015058,0.388412336679782,-0.241719823659721,0.0942958474317833
"Age",-0.0356867951602175,0.00561381056573768,-6.35696462185986,9.23248479708156e-10,-0.046741317566189,-0.024632272754246
"Sex1",0.0547317763935197,0.0588280325255667,0.930368976214414,0.353046424333767,-0.061110359004158,0.170573911791197
"BMI",-0.0169426194597493,0.00728995084830079,-2.32410613079764,0.0208938624745294,-0.031297739577769,-0.0025874993417297
"FOF_status1:cComposite_Z0",0.0203419305243744,0.0802642687451632,0.253436938283951,0.800131642730238,-0.137711702894895,0.178395563943644
