"region_type","alpha","root_1","root_2","mod_min","mod_max"
"partially_significant",0.05,-0.00338783130544707,0.281074297690731,-1.72600679344973,1.36515564971128
