"term","estimate","std.error","statistic","p.value","conf.low","conf.high"
"(Intercept)",3.38193385800475,0.498265916727381,6.78740757589311,7.74909952783458e-11,2.40076577687785,4.36310193913165
"FOF_status1",-0.149099158141132,0.0742242025806258,-2.00876739604139,0.0455996247321349,-0.295258901311069,-0.00293941497119551
"cComposite_Z0",-0.0533700575895946,0.146373651743788,-0.364615195110478,0.715696193857562,-0.341604010961863,0.234863895782674
"Age",-0.0356867951602175,0.00561381056573768,-6.35696462185986,9.23248479708152e-10,-0.046741317566189,-0.024632272754246
"Sex1",-0.10946355278704,0.117656065051133,-0.930368976214415,0.353046424333767,-0.341147823582395,0.122220718008316
"BMI",-0.0169426194597493,0.0072899508483008,-2.32410613079764,0.0208938624745295,-0.031297739577769,-0.0025874993417297
"FOF_status1:cComposite_Z0",-0.0406838610487489,0.160528537490326,-0.253436938283952,0.800131642730238,-0.356791127887288,0.27542340578979
