model_set,model,formula,AIC,BIC,logLik,n,LRT_chisq,LRT_df,LRT_p
categorical,A,Composite_Z ~ time_f * FOF_status + age + sex + BMI + (1 | ID),780.8969943889357,818.4984914153911,-381.44849719446785,482,97.56442227626121,4,3.245107365034689e-20
categorical,B,Composite_Z ~ time_f * frailty_cat_3 + age + sex + BMI + (1 | ID),692.8088192012843,738.7662044558409,-335.40440960064217,482,5.476247088609853,2,0.06469162403833832
categorical,C,Composite_Z ~ time_f * FOF_status + time_f * frailty_cat_3 + age + sex + BMI + (1 | ID),691.3325721126745,745.6458455953323,-332.66628605633724,482,NA,NA,NA
continuous,A,Composite_Z ~ time_f * FOF_status + age + sex + BMI + (1 | ID),780.8969943889357,818.4984914153911,-381.44849719446785,482,95.47175823545297,2,1.8559706768876126e-21
continuous,B,Composite_Z ~ time_f * frailty_score_3 + age + sex + BMI + (1 | ID),689.420179055345,727.0216760818004,-335.7100895276725,482,3.9949429018622595,2,0.13567791814305802
continuous,C,Composite_Z ~ time_f * FOF_status + time_f * frailty_score_3 + age + sex + BMI + (1 | ID),689.4252361534827,735.3826214080393,-333.71261807674136,482,NA,NA,NA
