Model,AIC,BIC,R2,Adj_R2
Baseline (no frailty),403.210911622575,427.6044901570096,0.1692074400332347,0.15153100258713337
Frailty categorical,382.96818279918705,414.33135520060296,0.24871287601378367,0.22614201821162272
Frailty continuous,380.47923272811653,408.3576081960418,0.25023557105887034,0.231010842111662
