term,estimate,std.error,statistic,p.value,conf.low,conf.high
(Intercept),3.384781665895015,0.5161307659001769,6.557992449823566,3.456495089584651e-10,2.367924757386633,4.401638574403397
FOF_statusFOF,-0.15480490198810049,0.07542012079013508,-2.052567675128265,0.04122706110754077,-0.3033941276899028,-0.006215676286298127
frailty_score_3,-0.2689180567101998,0.05347570771317356,-5.028789112106557,9.822970226081323e-7,-0.3742734170531878,-0.16356269636721182
Composite_Z0,-0.17421909255314602,0.09174925688242974,-1.898861074988276,0.05881289640428867,-0.3549792252080805,0.0065410401017884645
age,-0.029738350438797165,0.005874749580368811,-5.062062651686716,8.396404693420702e-7,-0.041312509724062696,-0.01816419115353163
sexmale,-0.1284091927960643,0.1147965092653631,-1.1185809883751272,0.2644659222146463,-0.35457595368570216,0.09775756809357355
BMI,-0.02010915251105679,0.007469417665130468,-2.692198162238601,0.00761118537563456,-0.034825052932291226,-0.005393252089822354
