term,estimate,std.error,statistic,p.value,conf.low,conf.high
(Intercept),2.8476936430438786,0.5555973072400048,5.125463363366776,6.231717276016975e-7,1.7530571623240205,3.9423301237637367
FOF_statusFOF,-0.17446260447189965,0.07558723534332974,-2.308096118074191,0.021870616365926115,-0.3233843940582991,-0.025540814885500168
frailty_cat_3pre-frail,0.11720721212312182,0.15679884535646418,0.747500479717594,0.45551523178758446,-0.19171749651984824,0.42613192076609185
frailty_cat_3frail,-0.28427963348430707,0.16406371421691862,-1.7327392278127,0.08446519127356235,-0.6075175693129947,0.03895830234438058
Composite_Z0,-0.16996948906482726,0.09198654546798478,-1.8477646725409842,0.06590386571027508,-0.3512011600836279,0.01126218195397341
age,-0.028288670515134444,0.005954368717062315,-4.750910106401863,3.5421470749258496e-6,-0.040019953464887736,-0.016557387565381155
sexmale,-0.16082487046936683,0.11564033980986961,-1.390733291979144,0.16563310412577165,-0.3886591903071389,0.06700944936840525
BMI,-0.01622924994643465,0.007638638946606869,-2.1246258737813215,0.03467116488972023,-0.03127887805845753,-0.0011796218344117763
