term,estimate,std.error,statistic,p.value,conf.low,conf.high
(Intercept),3.291662097556993,0.541798680553474,6.075433949367315,4.942540039187292e-9,2.224259065275012,4.3590651298389735
FOF_statusFOF,-0.19429242377645783,0.07879133092687125,-2.465911179451796,0.014381931232840492,-0.34952001765498286,-0.039064829897932835
Composite_Z0,0.005532600847271155,0.08875947755454956,0.06233250802846314,0.9503510238678575,-0.16933333900460673,0.180398540699149
age,-0.03487835051871433,0.006076766183712592,-5.739623586669818,2.9127461134147217e-8,-0.046850248723297044,-0.022906452314131617
sexmale,-0.10611271822606326,0.12049316094688749,-0.880653452795026,0.3794051653925167,-0.34349750704201626,0.13127207058988977
BMI,-0.015045647622092394,0.007774318649449297,-1.9353011241902427,0.05415321827637401,-0.03036191102065102,2.706157764662317e-4
