Model,AIC,BIC
Baseline (no frailty),889.0115659112237,927.5013573152985
Frailty categorical,721.6700968475656,767.6274821021221
Frailty continuous,718.6101794152022,760.3896205557082
