"region_type","alpha","root_1","root_2","mod_min","mod_max"
"partially_significant",0.05,0.00158727952132098,0.2860494085175,-1.72103168262296,1.37013076053805
