"term","estimate","std_error","statistic","p_value"
"(Intercept)",3.16653916432881,0.539922529792182,5.86480279966761,1.37747328376862e-08
"FOF_status1",-0.03696511444919,0.16750162115027,-0.220685114540042,0.825512839768202
"Comp_QuartileQ2",0.0302804745740533,0.185023952022245,0.16365705219837,0.870129754839211
"Comp_QuartileQ3_Q4_Strongest",-0.0155813804042057,0.170202855741418,-0.0915459399099499,0.927130119083977
"Age",-0.0334546509504746,0.00551192979257306,-6.06949874353487,4.57960113914167e-09
"Sex1",-0.101241721996524,0.174876343824829,-0.578933203783904,0.563141290531498
"BMI",-0.0154652438555375,0.00709409458246785,-2.18001658643767,0.0301639104623174
"FOF_status1:Comp_QuartileQ2",-0.268891863643355,0.217322090410473,-1.2372965083093,0.217106328249055
"FOF_status1:Comp_QuartileQ3_Q4_Strongest",-0.0913707524213126,0.192411595619325,-0.474871340925233,0.635281965933361
