term,estimate,std.error,statistic,p.value,conf.low,conf.high,model
(Intercept),3.3233269627873456,0.49039433336225297,6.776846176018949,8.300274494504637e-11,2.357641761729146,4.289012163845546,delta_neuro_any
FOF_status_fFOF,-0.09497943006518764,0.07923758088466938,-1.1986664535282896,0.23175750346596316,-0.2510141841850997,0.061055324054724386,delta_neuro_any
neuro_anyyes,0.11290280243887515,0.18411663764565706,0.6132134709963747,0.540275398279237,-0.24965993564167807,0.47546554051942835,delta_neuro_any
Composite_Z0,-0.08610754210981429,0.07003182777073336,-1.229548690228517,0.21998625163251162,-0.22401431443643643,0.05179923021680784,delta_neuro_any
age,-0.03530422272598211,0.005528079020832419,-6.3863455267081175,7.865454940464699e-10,-0.046190123597015874,-0.024418321854948348,delta_neuro_any
sex,-0.0881200243725728,0.11827072837670281,-0.7450704462722396,0.45690731274605156,-0.3210189066428695,0.14477885789772388,delta_neuro_any
BMI,-0.016462102126170188,0.007265301790223239,-2.265852486447691,0.02428943751387259,-0.030768944482885453,-0.002155259769454923,delta_neuro_any
FOF_status_fFOF:neuro_anyyes,-0.32886681325587935,0.20823157092249664,-1.5793321435311214,0.11548510798326055,-0.7389167113741232,0.08118308486236447,delta_neuro_any
