Outcome,beta_cat,beta_score,lcl_cat,lcl_score,ucl_cat,ucl_score,Model_N_cat,Model_N_score,se_cat,se_score,d_beta,abs_d_beta,z_diff,sign_flip,qc_note
MWS,-0.028,-0.029,-0.119,-0.12,0.063,0.062,237,237,0.04642857142857143,0.04642857142857143,0.0010000000000000009,0.0010000000000000009,0.015229992210171805,FALSE,
FTSST,1.028,1.065,-1.562,-1.523,3.618,3.654,227,227,1.3214285714285714,1.3206632653061223,-0.03699999999999992,0.03699999999999992,0.019804724001319267,FALSE,
SLS,-0.421,-0.431,-2.584,-2.594,1.742,1.731,236,236,1.1035714285714286,1.1033163265306123,0.010000000000000009,0.010000000000000009,0.006408180704502731,FALSE,
HGS,-0.558,-0.534,-1.678,-1.651,0.561,0.583,237,237,0.571173469387755,0.5698979591836735,-0.02400000000000002,0.02400000000000002,0.029744942728483003,FALSE,
HGS (Women),-0.359,-0.352,-1.353,-1.341,0.635,0.637,213,213,0.5071428571428571,0.5045918367346939,-0.007000000000000006,0.007000000000000006,0.009784643669979083,FALSE,
HGS (Men),7.115,6.513,-0.615,-1.554,14.846,14.58,24,24,3.944132653061225,4.115816326530612,0.6020000000000003,0.6020000000000003,0.105604079034989,FALSE,small-N exploratory; Model_N(cat/score)=24/24
