outcome,moderator_type,group_level,estimate,std.error,df,conf.low,conf.high,p.value
Delta_MWS,MWS,<1.3 m/s,0.03214522284337045,0.05673395703733937,240,-0.07961486495302697,0.14390531063976786,0.5715182905801963
Delta_MWS,MWS,≥1.3 m/s,-0.0016352832639632085,0.07407544817284925,240,-0.14755633343690494,0.14428576690897854,0.9824057420072452
Delta_SLS,SLS,5–<10 s,-5.5419917260091545,3.2326297621660918,254,-11.908163196570264,0.8241797445519552,0.08767672936821223
Delta_SLS,SLS,<5 s,-0.1364665260238449,1.3940617787845428,254,-2.8818586609867607,2.608925608939071,0.9220958080570465
Delta_SLS,SLS,≥10 s,1.887881494362074,1.6408049402912714,254,-1.3434336787800216,5.11919666750417,0.25098606679259244
Delta_FTSST,FTSST,fastest (best),-0.9330593854603362,1.9433189465740122,250,-4.76042292864274,2.894304157722067,0.6315497899688058
Delta_FTSST,FTSST,intermediate,-0.7526686089076395,2.03693467614523,250,-4.764408181079506,3.259070963264226,0.7120600941140405
Delta_FTSST,FTSST,slowest (worst),-1.86906677504191,2.30919860308007,250,-6.4170297138984775,2.678896163814658,0.4190544203830524
