term,estimate,std.error,statistic,p.value,conf.low,conf.high,model
(Intercept),2.2085751672458134,0.3288296558206797,6.716471973106383,1.4435456185159933e-10,1.560671648387221,2.856478686104406,neuro_adjusted
FOF_statusFOF,-0.032206931905404614,0.09710763850627255,-0.3316621884829817,0.7404463687225549,-0.22354119748202356,0.15912733367121434,neuro_adjusted
AgeClass_final.L,-0.1028228582326554,0.11836585960511349,-0.8686867866772403,0.3859240142190653,-0.3360428722836272,0.13039715581831646,neuro_adjusted
neuro_anyneuro,-0.1537398868938631,0.0918573569334756,-1.6736807156905644,0.09555275573357055,-0.3347293558689596,0.027249582081233403,neuro_adjusted
ToimintaKykySummary0,-0.12440127406618635,0.06793999279273574,-1.8310463241539752,0.06838732878716705,-0.2582656005417932,0.009463052409420483,neuro_adjusted
BMI,-0.04242749433058205,0.008380888650279453,-5.062409978346072,8.479154997224005e-7,-0.05894062552650812,-0.025914363134655984,neuro_adjusted
MOIindeksiindeksi,-0.0899354637581303,0.012986641862294791,-6.9252286088867585,4.3107714124373874e-11,-0.11552345684755393,-0.06434747066870668,neuro_adjusted
diabetes,-0.057135190399831254,0.101979462478937,-0.5602617332056643,0.575846220081605,-0.25806856554359414,0.14379818474393166,neuro_adjusted
FOF_statusFOF:AgeClass_final.L,-0.02237728617745785,0.13674747499849355,-0.16363948349104337,0.8701586614767859,-0.29181518108212867,0.24706060872721294,neuro_adjusted
