term,estimate,std.error,statistic,p.value,conf.low,conf.high,model
(Intercept),2.185507292207762,0.3298190809357354,6.626382215386755,2.3963028495364786e-10,1.5356691570631726,2.835345427352351,primary
FOF_statusFOF,-0.04403300899875682,0.09722708489894337,-0.4528882979935497,0.6510542533260589,-0.23559823729609983,0.1475322192985862,primary
AgeClass_final.L,-0.09768861167899535,0.11878652575399876,-0.8223879860019125,0.41170419230161803,-0.3317321186746503,0.13635489531665956,primary
ToimintaKykySummary0,-0.11927294271301811,0.06813495730359126,-1.750539626546907,0.0813527899580321,-0.25351834011908625,0.01497245469305003,primary
BMI,-0.04199119540094063,0.008409428973558859,-4.993346817360658,1.1695104467235652e-6,-0.05856018111972979,-0.02542220968215147,primary
MOIindeksiindeksi,-0.09019030711772735,0.01303627864443197,-6.91840897066505,4.4469868481311445e-11,-0.11587551301754476,-0.06450510121790995,primary
diabetes,-0.062137290546109523,0.10233230540388467,-0.6072108929908923,0.5443073538202043,-0.2637612666970353,0.13948668560481628,primary
FOF_statusFOF:AgeClass_final.L,-0.03523222943406875,0.13706287122512686,-0.25705159332463956,0.7973677577567612,-0.30528537609193074,0.23482091722379325,primary
