"term","p_raw","p_holm","p_bh"
"FOF_status1",0.0455996247321349,0.136798874196405,0.0759993745535582
"cComposite_Z0",0.715696193857562,1,0.800131642730238
"Age",9.23248479708152e-10,4.61624239854076e-09,4.61624239854076e-09
"BMI",0.0208938624745295,0.0835754498981179,0.0522346561863237
"FOF_status1:cComposite_Z0",0.800131642730238,1,0.800131642730238
