"term","p_raw","p_holm","p_bh"
"FOF_status1",0.0455996247321349,0.136798874196405,0.0759993745535582
"cComposite_Z0",0.388412336679782,0.776824673359563,0.485515420849727
"Age",9.23248479708156e-10,4.61624239854078e-09,4.61624239854078e-09
"BMI",0.0208938624745294,0.0835754498981177,0.0522346561863236
"FOF_status1:cComposite_Z0",0.800131642730238,0.800131642730238,0.800131642730238
