"Hedges_g","CI","CI_low","CI_high"
0.209712089276366,0.95,-0.0574055906125026,0.476434475253518
