term,estimate,std.error,statistic,p.value,conf.low,conf.high
(Intercept),-20.69184285647488,7.958595722677635,-2.599936418118899,0.009907241097753405,-36.37012943114584,-5.013556281803925
FOF_status_fFOF,1.4632324568527166,2.177203620232381,0.6720696416518637,0.5021912462218092,-2.8258184610308006,5.752283374736233
Balance_problembalance_problem,1.544693392860191,2.172652788713001,0.7109711228986616,0.47779830116256616,-2.7353924709861444,5.824779256706527
FTSST0,0.4378341656843561,0.060966868505185914,7.18150983344525,8.772598534911573e-12,0.31773056081585904,0.5579377705528532
age,0.2748401483764415,0.08935384387955678,3.075862620380476,0.002344281595748577,0.09881472634121241,0.4508655704116706
sex,4.123824104522037,1.9239152333837182,2.1434541569012855,0.03309074768192536,0.33374663037482133,7.913901578669253
BMI,0.1411529213687044,0.12663004547581821,1.1146874411859824,0.2661087266726658,-0.10830592930219432,0.39061177203960307
FOF_status_fFOF:Balance_problembalance_problem,-0.625441326358581,2.6526892420203128,-0.23577632707638194,0.8138090015504466,-5.851190136721383,4.600307484004222
