term,estimate,std.error,statistic,p.value,conf.low,conf.high
(Intercept),26.479776020392965,8.19700839732257,3.2304195307451664,0.0014083020134976183,10.332848104224713,42.62670393656121
FOF_status_fFOF,-1.9820092169358343,1.9465996336362055,-1.0181904808198718,0.3096084904323294,-5.816530598691402,1.8525121648197342
Balance_problembalance_problem,-3.301824476151253,1.859432058337765,-1.7757166557098683,0.07704149163065503,-6.964638268168251,0.3609893158657447
SLS0,-0.2561605280958436,0.044143473125589965,-5.802908334082743,2.0410864783727236e-8,-0.34311682287785594,-0.1692042333138313
age,-0.2687095253244783,0.08514705151349718,-3.155828893051963,0.0018041707313074167,-0.4364369737325807,-0.10098207691637584
sex,-0.5633426967780288,1.6412173217438486,-0.3432468627490833,0.7317119847085074,-3.796304834235479,2.669619440679421
BMI,-0.021797635314485555,0.11282689545877159,-0.19319538329804256,0.8469686727243504,-0.2440503962818773,0.20045512565290619
FOF_status_fFOF:Balance_problembalance_problem,2.268355459208102,2.3386992402835745,0.9699218352390865,0.3330578585135944,-2.3385457686582733,6.875256687074478
