term,estimate,std.error,statistic,p.value,conf.low,conf.high
(Intercept),14.944673854222305,3.7780232522809127,3.9556860443354154,9.975794679182654e-5,7.503423511104339,22.385924197340273
FOF_status_fFOF,-0.9014470720536416,0.9316327397373843,-0.9675991768041002,0.33419105610616284,-2.7364046626522076,0.9335105185449244
Balance_problembalance_problem,-0.8444646859725683,0.9513227451794853,-0.887674230697852,0.3755795631416964,-2.7182040018195353,1.0292746298743989
HGS0,-0.22786969621911468,0.04328031821984822,-5.264972754165526,3.047754767043792e-7,-0.313115249593955,-0.14262414284427438
age,-0.11533535297696443,0.04050490248819415,-2.847441813014632,0.00477800512653926,-0.1951144065749711,-0.035556299378957754
sex,1.4478441060413716,0.9520106242078937,1.5208276769453375,0.12958217154569165,-0.42725006648972985,3.3229382785724733
BMI,-0.02069929218698495,0.0547923594961694,-0.37777698163248585,0.7059207030442267,-0.1286191319219463,0.0872205475479764
FOF_status_fFOF:Balance_problembalance_problem,0.5377295509900092,1.1435596612037413,0.4702243085629488,0.6386096880432469,-1.7146424311492594,2.790101533129278
