term,estimate,std.error,statistic,p.value,conf.low,conf.high
(Intercept),2.0321484819498847,0.37023513361246946,5.488805079414652,1.0788046195861182e-7,1.3026114386540684,2.761685525245701
FOF_status_fFOF,0.017617683632924604,0.08283637225699608,0.21268053094197004,0.8317670175691282,-0.14560886243813462,0.1808442297039838
Balance_problembalance_problem,-0.08394621969390331,0.08104369481788029,-1.035814320688926,0.3013909424438295,-0.2436403495251667,0.07574791013736007
MWS0,-0.38055447719226404,0.056465794394294506,-6.739557660960076,1.2955024514158746e-10,-0.49181860355386786,-0.2692903508306602
age,-0.01570685804835386,0.003633083536358688,-4.323285685882217,2.3016366808230506e-5,-0.02286573839366466,-0.00854797770304306
sex,-0.06251909206608738,0.06987108951040562,-0.8947776899453768,0.3718536977389937,-0.2001979437620839,0.07515975962990915
BMI,-0.009625370954424395,0.004693580520534568,-2.0507522801224103,0.04143960288140322,-0.018873928275312597,-3.7681363353619067e-4
FOF_status_fFOF:Balance_problembalance_problem,-0.0540791234827843,0.09881665133884096,-0.547267315276124,0.5847327259548178,-0.24879432228828094,0.14063607532271236
