term,estimate,std.error,statistic,p.value,conf.low,conf.high
(Intercept),3.387794832096917,0.4847324262864548,6.988999803563553,2.4297524528955582e-11,2.433188220725212,4.3424014434686224
FOF_status_fFOF,-0.13998674208813872,0.12782411394567939,-1.095151280670156,0.2744877239140344,-0.39171684646775873,0.1117433622914813
Balance_problembalance_problem,-0.3378221919184468,0.12769380635616123,-2.6455644291485783,0.008664192350357326,-0.5892956753671774,-0.08634870846971626
Composite_Z0,-0.1775535846741804,0.0733075716399798,-2.4220360967099324,0.016134480903040337,-0.32192167056281595,-0.033185498785544804
age,-0.03400800768295156,0.005449462604919137,-6.240616763248015,1.8147393613955781e-9,-0.044739893459465475,-0.02327612190643765
sex,-0.08567535309970568,0.11519310850402578,-0.7437541551950696,0.4577126606994585,-0.3125306179823101,0.14117991178289874
BMI,-0.014222779299305537,0.007281275891551117,-1.9533361338236126,0.05187766484835783,-0.028562142065988956,1.1658346737788115e-4
FOF_status_fFOF:Balance_problembalance_problem,0.048441094073976336,0.15521801623491419,0.3120842235263677,0.7552325518720471,-0.25723712439595287,0.35411931254390555
