term,estimate,std.error,statistic,p.value,conf.low,conf.high
(Intercept),25.358632136783402,8.108871521591515,3.1272701841755537,0.001980360741591569,9.38565429279259,41.33160998077422
FOF_status_fFOF,0.2574855985296965,1.3233305370486357,0.19457391129502308,0.8458897716228335,-2.349230920812281,2.864202117871674
Walk500m_G_finaldifficulty_or_unable,-0.6894144146587472,1.9581201977667506,-0.35207972189093856,0.7250848766518236,-4.5465492146759665,3.167720385358472
SLS0,-0.26305014916687175,0.042255663989579834,-6.225204489313892,2.106112072061275e-9,-0.34628599559648787,-0.17981430273725563
age,-0.268308521431747,0.08489374000964267,-3.1605218641712702,0.001775645418330241,-0.43553349529610014,-0.10108354756739385
sex,-0.3394833370822659,1.6403922578800765,-0.20695253556060395,0.8362209537796168,-3.5707528325730404,2.8917861584085083
BMI,-0.04845603808446427,0.11056053777775268,-0.43827607081533876,0.6615771413234381,-0.26623985863723415,0.1693277824683056
FOF_status_fFOF:Walk500m_G_finaldifficulty_or_unable,-1.8503052917084515,2.2262953349770864,-0.8311140317452514,0.40672847062261297,-6.235695535601438,2.5350849521845342
