term,estimate,std.error,statistic,p.value,conf.low,conf.high
(Intercept),14.681174281180125,3.792294288252467,3.8713172463061616,1.3862568635329e-4,7.211815495040835,22.150533067319415
FOF_status_fFOF,-0.5757914494681203,0.6663670120075248,-0.8640755606035587,0.38838470891494226,-1.8882777486855273,0.7366948497492868
Walk500m_G_finaldifficulty_or_unable,-0.4660659909791682,1.0213508998344265,-0.4563230825514749,0.6485586506541234,-2.4777337935127632,1.545601811554427
HGS0,-0.23035924510137948,0.04325104324822062,-5.326096847637464,2.2570510884586385e-7,-0.3155471380601445,-0.14517135214261445
age,-0.11758472408393983,0.04075959870069124,-2.8848351758170208,0.004262093954921607,-0.19786543110017007,-0.03730401706770958
sex,1.5242345467782987,0.9544540215424061,1.5969701131492142,0.11155090571889623,-0.3556721771956337,3.4041412707522314
BMI,-0.018666637676402625,0.0542143414065454,-0.34431180370566977,0.7309047662147362,-0.12544800445327767,0.08811472910047242
FOF_status_fFOF:Walk500m_G_finaldifficulty_or_unable,0.11663465587282668,1.1496484998720888,0.10145244906230345,0.9192736096035921,-2.1477299927495497,2.380999304495203
