term,estimate,std.error,statistic,p.value,conf.low,conf.high
(Intercept),2.0142074138452544,0.3646924986962345,5.523029459190934,9.089062626368401e-8,1.2955919636716366,2.732822864018872
FOF_status_fFOF,-0.020406350676099798,0.0568769961119956,-0.3587803869936797,0.7200928525265986,-0.13248073748598357,0.09166803613378399
Walk500m_G_finaldifficulty_or_unable,-0.14673332576971657,0.08388560913503455,-1.7492073704026292,0.08160668278374873,-0.3120273611205002,0.018560709581067064
MWS0,-0.40663846431661654,0.05722677299622285,-7.10573815412335,1.5325358090727476e-11,-0.5194020758131004,-0.2938748528201327
age,-0.015297562004249166,0.0036253530652258395,-4.219606126361161,3.539127541200775e-5,-0.022441209691874256,-0.008153914316624076
sex,-0.04873779304414766,0.06968935195868227,-0.6993578168590739,0.48504443397752595,-0.1860585364351694,0.08858295034687408
BMI,-0.009354869258320997,0.004613869545722786,-2.027553914477985,0.04377439412045801,-0.018446358533518857,-2.633799831231378e-4
FOF_status_fFOF:Walk500m_G_finaldifficulty_or_unable,0.006374462120114308,0.09622124356000442,0.06624797065877805,0.9472387144062292,-0.18322656478428645,0.19597548902451506
