FOF_group,n,py,outpatient_pdgo_events,outpatient_pdgo_rate_1000py,outpatient_anydx_events,outpatient_anydx_rate_1000py,hosp_ep_dxfile,hosp_ep_dxfile_rate_1000py,hosp_days_dxfile,hosp_days_dxfile_rate_1000py,injury_hosp_ep_dxfile,injury_hosp_ep_dxfile_rate_1000py,injury_hosp_days_dxfile,injury_hosp_days_dxfile_rate_1000py,injury_hosp_days_collapsed_dx,injury_hosp_days_collapsed_dx_rate_1000py,injury_hosp_days_collapsed_dx_t98,injury_hosp_days_collapsed_dx_t98_rate_1000py,hosp_ep_episodefile,hosp_ep_episodefile_rate_1000py,hosp_days_episodefile,hosp_days_episodefile_rate_1000py,injury_hosp_ep_episodefile,injury_hosp_ep_episodefile_rate_1000py,injury_hosp_days_episodefile,injury_hosp_days_episodefile_rate_1000py,pre_n_total,pre_n_fof0,pre_n_fof1,pre_n_invalid_fof,post_n_fof0,post_n_fof1,drop_missing_sex,drop_missing_age,drop_missing_followup,drop_nonpositive_py
FOF_No,144,1450,462,318.62068965517244,476,328.2758620689655,145,100,1630,1124.1379310344828,105,72.41379310344828,1173,808.9655172413793,548,377.9310344827586,672,463.448275862069,90,62.06896551724138,1678,1157.2413793103449,64,44.137931034482754,278,191.72413793103448,474,144,330,0,144,330,0,0,0,0
FOF_Yes,330,3410,1232,361.2903225806451,1313,385.04398826979474,375,109.97067448680352,3293,965.6891495601174,277,81.2316715542522,2341,686.5102639296188,1707,500.58651026392965,2159,633.1378299120234,241,70.67448680351906,3239,949.8533724340176,187,54.83870967741936,800,234.60410557184753,474,144,330,0,144,330,1,0,0,0
Overall,474,4860,1694,348.559670781893,1789,368.10699588477365,520,106.99588477366255,4923,1012.962962962963,382,78.60082304526749,3514,723.0452674897119,2255,463.99176954732513,2831,582.5102880658436,331,68.10699588477367,4917,1011.7283950617284,251,51.64609053497942,1078,221.81069958847738,474,144,330,0,144,330,1,0,0,0
