Hedges_g,CI,CI_low,CI_high
0.2097120892763895,0.95,-0.05740559061250915,0.4764344752535726
