frailty_count_3,n,proportion
0,42,0.15217391304347827
1,126,0.45652173913043476
2,68,0.2463768115942029
3,14,0.050724637681159424
NA,26,0.09420289855072464
