model,Res.Df,rss,df,ss,f,p_value
1,246,83.52256655616969,NA,NA,NA,NA
2,245,61.80586731781744,1,21.716699238352255,86.08553757585534,9.43451828176398e-18
