frailty_count_4,n,proportion
0,38,0.13768115942028986
1,114,0.41304347826086957
2,71,0.2572463768115942
3,17,0.06159420289855073
4,1,0.0036231884057971015
NA,35,0.12681159420289856
