frailty_count_3_balance,n,proportion
0,131,0.4746376811594203
1,68,0.2463768115942029
2,40,0.14492753623188406
3,9,0.03260869565217391
NA,28,0.10144927536231885
