model,Res.Df,rss,df,ss,f,p_value
1,246,83.52256655616969,NA,NA,NA,NA
2,245,70.87837563668077,1,12.64419091948892,43.706232647797975,2.3685403737345983e-10
