frailty_cat_4,n,proportion
robust,38,0.13768115942028986
pre-frail,185,0.6702898550724637
frail,18,0.06521739130434782
NA,35,0.12681159420289856
