frailty_cat_3_balance,n,proportion
robust,131,0.4746376811594203
pre-frail,68,0.2463768115942029
frail,49,0.17753623188405798
NA,28,0.10144927536231885
