frailty_cat_3,n,proportion
robust,42,0.15217391304347827
pre-frail,126,0.45652173913043476
frail,82,0.2971014492753623
NA,26,0.09420289855072464
