frailty_count_4,n,proportion
0,35,0.12681159420289856
1,132,0.4782608695652174
2,64,0.2318840579710145
3,7,0.025362318840579712
4,1,0.0036231884057971015
NA,37,0.13405797101449277
