frailty_count_3,n,proportion
0,38,0.13768115942028986
1,148,0.5362318840579711
2,56,0.2028985507246377
3,5,0.018115942028985508
NA,29,0.10507246376811594
