frailty_cat_3,n,proportion
robust,38,0.13768115942028986
pre-frail,148,0.5362318840579711
frail,61,0.2210144927536232
NA,29,0.10507246376811594
