frailty_cat_4,n,proportion
robust,35,0.12681159420289856
pre-frail,196,0.7101449275362319
frail,8,0.028985507246376812
NA,37,0.13405797101449277
