FOF_status_factor,frailty_cat_3,n,row_total,row_proportion
nonFOF,robust,6,73,0.0821917808219178
nonFOF,pre-frail,51,73,0.6986301369863014
nonFOF,frail,16,73,0.2191780821917808
FOF,robust,32,174,0.1839080459770115
FOF,pre-frail,97,174,0.5574712643678161
FOF,frail,45,174,0.25862068965517243
