contrast,estimate,SE,df,t.ratio,p.value
FOF - No FOF,-0.1500449209207036,0.07399681121720675,260,-2.0277214443777694,0.043608536123022575
