term,estimate,std.error,statistic,p.value,conf.low,conf.high,model
(Intercept),3.402927458941624,0.4916806999390033,6.921010849853945,3.48898402239012e-11,2.434744240618602,4.371110677264646,ANCOVA_followup
FOF_status_fFOF,-0.1500449209207036,0.07399681121720675,-2.0277214443777694,0.043608536123022575,-0.29575426204148403,-0.004335579799923189,ANCOVA_followup
Composite_Z0,0.9141259760119564,0.07041722210102946,12.98156826891631,4.834142752129111e-30,0.7754653112195423,1.0527866408043707,ANCOVA_followup
age,-0.035937149539043735,0.0055162608399693825,-6.514766176148262,3.748546776037725e-10,-0.04679938426538823,-0.025074914812699238,ANCOVA_followup
sex,-0.1115679147135132,0.11715131540053064,-0.9523402646574795,0.34180893292611547,-0.34225408480180874,0.11911825537478234,ANCOVA_followup
BMI,-0.016909667969036278,0.007275662876424663,-2.324141216579549,0.020888956943586782,-0.03123639403333786,-0.002582941904734697,ANCOVA_followup
