model,npar,AIC,BIC,logLik,Chisq,Df,p.value
m_primary,14,632.9730317627779,691.2888817220178,-302.4865158813889,NA,NA,NA
m_mod,20,361.2479072930835,444.5562643777119,-160.62395364654174,283.7251244696944,6,2.5043797598795392e-58
