model,npar,AIC,BIC,logLik,Chisq,Df,p.value
m_primary,12,710.4509090778807,760.3346569049074,-343.22545453894037,NA,NA,NA
m_mod,16,479.96673068219775,546.4783944515666,-223.98336534109887,238.484178395683,4,1.9673207120126714e-50
