contrast,frailty_cat_3,cComposite_Z0,estimate,SE,df,t.ratio,p.value,mode
change_12_minus_0,Robust,-0.43547861586083586,0.005992023047282427,0.16460739604760155,247.518562362939,0.03640190654343162,0.9709912341892215,cat
change_12_minus_0,Pre-frail,-0.43547861586083586,0.0040785145356495855,0.07806847005606218,247.51856236294338,0.05224278806438426,0.9583773770222908,cat
change_12_minus_0,Frail,-0.43547861586083586,-0.14183229396329283,0.07730257474295088,247.51856236294338,-1.8347680453713002,0.06774018537464865,cat
change_12_minus_0,Robust,-0.014007121235926586,0.06900174776353998,0.09830865764706101,247.51856236293023,0.7018888205275258,0.48340795884699794,cat
change_12_minus_0,Pre-frail,-0.014007121235926586,0.09816493379215453,0.04944256928690556,247.51856236294338,1.9854335081682875,0.04819984160827862,cat
change_12_minus_0,Frail,-0.014007121235926586,-0.39785072506852,0.099252241702538,247.51856236294338,-4.008480999964623,8.092056363114427e-5,cat
change_12_minus_0,Robust,0.4074643733889827,0.13201147247979755,0.144049704052272,247.5185623629346,0.9164300152390034,0.3603334101789172,cat
change_12_minus_0,Pre-frail,0.4074643733889827,0.19225135304865948,0.05929044663743293,247.518562362939,3.242535078615547,0.001347609044445701,cat
change_12_minus_0,Frail,0.4074643733889827,-0.6538691561737472,0.16887265958300926,247.51856236294338,-3.8719657627725,1.3820945374400488e-4,cat
