contrast,frailty_cat_3,cComposite_Z0,estimate,SE,df,t.ratio,p.value,mode
change_12_minus_0,Robust,-0.43526653694512263,0.22791566899135646,0.15321061515673876,249.5140062165065,1.4875971143265259,0.1381198166749672,cat
change_12_minus_0,Pre-frail,-0.43526653694512263,0.07810142978962131,0.07246508921121295,249.51400621651095,1.0777800819644368,0.28217278189281697,cat
change_12_minus_0,Frail,-0.43526653694512263,-0.25598050850979676,0.06474547037698712,249.51400621651095,-3.953643506168448,1.0030226423358933e-4,cat
change_12_minus_0,Robust,-0.014154532179502625,0.3324995960508808,0.08754015488773918,249.5140062165065,3.7982523160631336,1.830913901012982e-4,cat
change_12_minus_0,Pre-frail,-0.014154532179502625,0.15321813696285844,0.0468701114376488,249.51400621651095,3.268994509788699,0.0012311900333263806,cat
change_12_minus_0,Frail,-0.014154532179502625,-0.5022330662312154,0.06579227110578297,249.51400621651095,-7.633618019109094,4.843198241781532e-13,cat
change_12_minus_0,Robust,0.40695747258611736,0.43708352311040516,0.0939721632873971,249.5140062165065,4.651202098792417,5.356210125409577e-6,cat
change_12_minus_0,Pre-frail,0.40695747258611736,0.22833484413609556,0.06068832843514856,249.51400621651095,3.7624177502284275,2.0978278444367432e-4,cat
change_12_minus_0,Frail,0.40695747258611736,-0.7484856239526342,0.10467416743085561,249.51400621651095,-7.150624096886748,9.534521481131536e-12,cat
