term,estimate,std.error,statistic,p.value,conf.low,conf.high,model
(Intercept),3.64263339541775,0.5097211713936186,7.146325481161589,9.828385660358151e-12,2.6387187561411927,4.646548034694307,delta_pain_g2
FOF_status_fFOF,-0.15986159217573304,0.11204410938067977,-1.4267737327679506,0.154897816661086,-0.3805365964029098,0.06081341205144372,delta_pain_g2
PainVAS0_G2high,-0.25756731235675995,0.12945191334911954,-1.9896755922187517,0.04772056292903922,-0.5125276282844349,-0.0026069964290850733,delta_pain_g2
Composite_Z0,-0.12194786848101782,0.07451436587110935,-1.6365685603760785,0.10298390444616018,-0.2687066592330095,0.024810922270973867,delta_pain_g2
age,-0.03686443560152985,0.0056340990579848696,-6.543093265157292,3.404825176758757e-10,-0.047961001412168816,-0.025767869790890883,delta_pain_g2
sex,-0.11618381751218954,0.12093900831507491,-0.9606810832242235,0.3376444834957636,-0.35437765312459235,0.12201001810021331,delta_pain_g2
BMI,-0.0182308726566705,0.007480714166234543,-2.4370497590936706,0.015508737397366194,-0.032964415003348874,-0.003497330309992129,delta_pain_g2
FOF_status_fFOF:PainVAS0_G2high,0.07889785043606139,0.1556348373265861,0.5069420946577735,0.6126440842936489,-0.22763069956785836,0.38542640043998116,delta_pain_g2
