term,estimate,std.error,statistic,p.value,conf.low,conf.high,model
(Intercept),3.74428501127248,0.5231667298222239,7.156963158847691,9.21636258590965e-12,2.713888848964772,4.774681173580188,delta_pain_continuous
FOF_status_fFOF,-0.18369959546690268,0.13097640465475838,-1.4025396097191531,0.16199970939026545,-0.44166245322543035,0.074263262291625,delta_pain_continuous
PainVAS0,-0.04331407833755688,0.026448305075536988,-1.6376882455738029,0.10274981093747618,-0.09540499027042636,0.008776833595312603,delta_pain_continuous
Composite_Z0,-0.12116850629460191,0.07535149626536872,-1.6080437987306502,0.10909277810705365,-0.2695760562211097,0.02723904363190588,delta_pain_continuous
age,-0.03798362997593117,0.005730650285218475,-6.628153540254478,2.0910173302189807e-10,-0.04927035698822264,-0.026696902963639697,delta_pain_continuous
sex,-0.11492564073973272,0.1217170285130278,-0.944203470490013,0.34598094735334695,-0.3546518158157726,0.12480053433630717,delta_pain_continuous
BMI,-0.01792181454002775,0.007546104240719628,-2.374975744877684,0.018308318218325573,-0.03278414504918224,-0.003059484030873255,delta_pain_continuous
FOF_status_fFOF:PainVAS0,0.015120410207196731,0.030591272609560082,0.49427202327213576,0.62154984714949,-0.04513022902536825,0.07537104943976171,delta_pain_continuous
